Time,Temp,Steps
0.77, 23.896536, 0
1.77, 24.145163, 0
2.77, 23.979366, 0
3.77, 24.145163, 0
4.77, 23.813753, 0
5.77, 24.117517, 0
