Time,Temp,Steps
0.00, 27.561514, 0
10.00, 27.310595, 16
20.00, 27.338463, 28
30.00, 27.533625, 28
