Time,Temp,Steps
17:45:00, 19.823734, 0
17:45:01, 19.742346, 0
17:45:02, 20.067926, 0
